<?xml version="1.0" encoding="UTF-8"?>
<project-private xmlns="http://www.netbeans.org/ns/project-private/1">
    <editor-bookmarks xmlns="http://www.netbeans.org/ns/editor-bookmarks/2" lastBookmarkId="0"/>
    <open-files xmlns="http://www.netbeans.org/ns/projectui-open-files/2">
        <group>
            <file>file:/C:/Users/KULDEEP/Documents/NetBeansProjects/Project/web/Registration.html</file>
            <file>file:/C:/Users/KULDEEP/Documents/NetBeansProjects/Project/web/deleted.jsp</file>
            <file>file:/C:/Users/KULDEEP/Documents/NetBeansProjects/Project/web/Update_done.jsp</file>
            <file>file:/C:/Users/KULDEEP/Documents/NetBeansProjects/Project/src/java/Profile_Servlet.java</file>
            <file>file:/C:/Users/KULDEEP/Documents/NetBeansProjects/Project/web/mailed.jsp</file>
            <file>file:/C:/Users/KULDEEP/Documents/NetBeansProjects/Project/web/Index.jsp</file>
            <file>file:/C:/Users/KULDEEP/Documents/NetBeansProjects/Project/web/Forgot_Password.html</file>
            <file>file:/C:/Users/KULDEEP/Documents/NetBeansProjects/Project/web/Project.jsp</file>
        </group>
    </open-files>
</project-private>
