<?xml version="1.0" encoding="UTF-8"?>
<!DOCTYPE hibernate-configuration PUBLIC "-//Hibernate/Hibernate Configuration DTD 3.0//EN" "http://hibernate.sourceforge.net/hibernate-configuration-3.0.dtd">
<hibernate-configuration>
  <session-factory>
    <property name="hibernate.connection.driver_class">com.microsoft.sqlserver.jdbc.SQLServerDriver</property>
    <property name="hibernate.connection.url">jdbc:sqlserver://localhost:1433;databaseName=Reg2</property>
    <property name="hibernate.connection.username">sa</property>
    <property name="hibernate.connection.password">icreate</property>
    <mapping class="D.AdminDetail"></mapping>
    <mapping class="D.CustomerDetail"></mapping>
    <mapping class="D.Login"></mapping>
    <mapping class="D.RegCompanyDetail"></mapping>
    <mapping class="D.ServiceDetail"></mapping>
    <mapping class="D.Feedback"></mapping>
    <mapping class="D.Booking"></mapping>
    <mapping class="D.Imagedata"></mapping>
    <mapping class="D.Offer"></mapping>
    <mapping class="D.DriverDetails"></mapping>
    <mapping class="D.Achievements"></mapping>
    <mapping class="D.Location"></mapping>
    
  </session-factory>
</hibernate-configuration>
